id,group,last_name,email,gender,city
1,,Coarser,mcoarser0@ebay.co.uk,Genderqueer,Kengyuan
2,B,Everal,deveral1@apache.org,Female,Ellinikó
3,A,Straun,astraun2@blinklist.com,Female,Arroyo Seco
4,B,McGookin,kmcgookin3@squidoo.com,Female,Xinhua
5,C,Labba,olabba4@ovh.net,Male,Chon Buri
6,A,Ronisch,,Male,Karanganyar
7,D,McGrann,vmcgrann6@ucla.edu,Male,Eastern Suburbs Mc
8,B,Camoletto,ucamoletto7@diigo.com,Female,Balīlā
9,B,Skotcher,wskotcher8@liveinternet.ru,Female,Neẖalim
10,,Gadsdon,,Bigender,San Lorenzo
11,D,Donohue,vdonohuea@imdb.com,Female,Pilar
12,B,Joerning,rjoerningb@microsoft.com,Female,Pingdi
13,C,Grew,cgrewc@wikia.com,Male,
14,D,Ahearne,mahearned@si.edu,Female,Santa Catalina
15,D,McCree,,Female,Morohongō
16,B,Deignan,tdeignanf@networksolutions.com,Polygender,Wang Hin
17,C,Fryett,afryettg@rediff.com,Female,Ramos
18,B,Michelotti,pmichelottih@webeden.co.uk,Male,Flandes
19,C,Upward,lupwardi@miibeian.gov.cn,Female,San Agustín
20,A,Southcott,hsouthcottj@t-online.de,Female,Yuanba
21,A,Morden,emordenk@mediafire.com,Male,Pacov
22,B,Jacombs,bjacombsl@thetimes.co.uk,Female,Anping
23,,Anmore,aanmorem@sciencedaily.com,Male,Jishu
24,C,Innocent,linnocentn@twitpic.com,Female,Huntington
25,D,Cartlidge,scartlidgeo@ihg.com,Female,Mengjia
26,B,Silverston,hsilverstonp@comsenz.com,Male,Rajhrad
27,,Dublin,mdublinq@cisco.com,Female,Nogliki
28,C,Voden,svodenr@naver.com,Female,Lendan
29,B,Roofe,eroofes@php.net,Female,Wudangshan
30,,Hurn,mhurnt@earthlink.net,Female,Boyeros
31,C,Haseldine,chaseldineu@about.com,Male,Nam Som
32,C,Elizabeth,oelizabethv@globo.com,Female,Michurinskoye
33,B,Mulles,,Male,Palmas de Monte Alto
34,C,Gowdridge,,Male,
35,,Booi,tbooiy@people.com.cn,Female,Hedong
36,A,Marns,cmarnsz@addtoany.com,Female,Ballyboden
37,D,Manginot,dmanginot10@google.co.uk,Female,Saint Helier
38,B,Blunt,pblunt11@github.com,Female,Naikolan
39,B,Maton,dmaton12@dedecms.com,Male,Minnedosa
40,C,Milsom,dmilsom13@unicef.org,Male,Santo Ângelo
41,D,O'Brogan,jobrogan14@comsenz.com,Male,Nueva Requena
42,A,Pidgeley,gpidgeley15@about.com,Genderqueer,Cisantri
43,A,Piel,zpiel16@europa.eu,Genderqueer,Denver
44,A,Scrivens,rscrivens17@instagram.com,Male,Návsí u Jablunkova
45,D,Lideard,slideard18@theguardian.com,Male,Kamirenjaku
46,D,Osipenko,bosipenko19@hibu.com,Female,Gyamco
47,A,Tite,ktite1a@dagondesign.com,Male,Adraskan
48,A,Ramelet,wramelet1b@usatoday.com,Female,Saint-Lin-Laurentides
49,A,Dennis,mdennis1c@yellowpages.com,Male,Tarnowiec
50,D,Hartford,chartford1d@zimbio.com,Female,Paris 07
51,A,Anfosso,aanfosso1e@sfgate.com,Male,Alebtong
52,D,Edgworth,gedgworth1f@bluehost.com,Female,Hegarmulya
53,D,Trehearn,btrehearn1g@tiny.cc,Male,Gunungangka
54,D,Gauvain,cgauvain1h@smugmug.com,Female,Biltine
55,D,Fishbourn,rfishbourn1i@friendfeed.com,Male,Hrob
56,D,Cadigan,acadigan1j@fotki.com,Female,Torre do Pinhão
57,A,Pow,bpow1k@pbs.org,Male,
58,B,Golborne,cgolborne1l@comsenz.com,Female,Khon Buri
59,D,Luckman,pluckman1m@usnews.com,Female,Dalun
60,B,Loukes,jloukes1n@infoseek.co.jp,Female,Bolyarovo
61,C,Scinelli,rscinelli1o@wisc.edu,Female,Brikcha
62,D,Borthwick,mborthwick1p@yahoo.co.jp,Female,Maae
63,A,Seivwright,eseivwright1q@epa.gov,Female,Rejoagung
64,C,Garth,fgarth1r@msu.edu,Male,Lairoka
65,D,Breinl,dbreinl1s@cmu.edu,Male,Shuangshipu
66,C,Croxford,bcroxford1t@addtoany.com,Male,Welisara
67,A,Parbrook,pparbrook1u@tripod.com,Male,Guantang
68,B,Organ,qorgan1v@comsenz.com,Male,Rustenburg
69,C,Flegg,tflegg1w@noaa.gov,Female,Boco
70,,Foster,cfoster1x@nbcnews.com,Non-binary,Bukedea
71,A,Cominello,ecominello1y@upenn.edu,Male,Leixlip
72,B,McElrath,fmcelrath1z@netlog.com,Male,Stylída
73,D,Bulbeck,mbulbeck20@nih.gov,Male,Kostrovo
74,B,Simonelli,msimonelli21@jalbum.net,Female,Fengjiang
75,B,Siemens,tsiemens22@sogou.com,Female,Saint Ann’s Bay
76,,Howie,thowie23@a8.net,Male,
77,C,Hackly,ahackly24@china.com.cn,Male,Salitrillos
78,C,Dye,sdye25@unc.edu,Male,Kuantan
79,D,Filyakov,pfilyakov26@bloglovin.com,Male,Cruz del Eje
80,D,Caban,jcaban27@gov.uk,Female,Berkovitsa
81,D,Tolumello,ltolumello28@g.co,Female,Sapphaya
82,D,Gaddie,sgaddie29@imgur.com,Female,Uppsala
83,B,Kaygill,hkaygill2a@army.mil,Male,La Guadalupe
84,A,Morrissey,pmorrissey2b@psu.edu,Male,Pasar Kidul
85,D,Gethin,kgethin2c@sakura.ne.jp,Female,Diaowei
86,B,Masic,hmasic2d@youku.com,Male,Piribebuy
87,D,Cripps,icripps2e@uol.com.br,Female,Haiyan
88,B,Pearch,npearch2f@elpais.com,Female,Sukasari
89,D,Garnar,ggarnar2g@bing.com,Male,Stavanger
90,D,Robeson,frobeson2h@utexas.edu,Male,Sukamenak
91,A,Dearan,adearan2i@shutterfly.com,Male,Ogod
92,A,Plover,jplover2j@goo.ne.jp,Female,Jasienica
93,C,Delafoy,jdelafoy2k@istockphoto.com,Female,Lapuan
94,B,Machon,nmachon2l@gnu.org,Female,Sanhe
95,D,Hully,chully2m@ted.com,Female,Karlovo
96,C,Beadman,abeadman2n@craigslist.org,Female,Huangzhuang
97,D,Rayner,lrayner2o@qq.com,Female,Galle
98,D,Ainley,dainley2p@senate.gov,Male,Cipolletti
99,A,Guisot,cguisot2q@sakura.ne.jp,Male,Stochov
100,D,Oswal,voswal2r@whitehouse.gov,Male,Paitan Este
101,A,Crimmins,jcrimmins2s@histats.com,Male,Qaraçuxur
102,B,Suthworth,gsuthworth2t@mail.ru,Male,Yanaul
103,,Rosnau,krosnau2u@hatena.ne.jp,Female,Apóstoles
104,D,Garett,mgarett2v@nyu.edu,Female,Mbouda
105,D,Urian,aurian2w@cbc.ca,Male,Legrada
106,D,Kenwell,hkenwell2x@sina.com.cn,Female,Łąka Prudnicka
107,A,Manicom,gmanicom2y@paginegialle.it,Female,Samphanthawong
108,D,Renol,lrenol2z@mapy.cz,Female,Australia Square
109,C,Hunsworth,ehunsworth30@scribd.com,Non-binary,Ivot
110,D,Meachan,fmeachan31@canalblog.com,Genderqueer,Pierzchnica
111,D,Tinghill,dtinghill32@skyrock.com,Female,San Bernardino
112,A,Stollenberg,gstollenberg33@seesaa.net,Female,
113,D,Braghini,sbraghini34@omniture.com,Female,Petrovskoye
114,C,Patty,lpatty35@npr.org,Male,Minneapolis
115,C,Grinsdale,fgrinsdale36@webeden.co.uk,Male,Kihurio
116,B,Rawood,,Female,Ruangwa
117,D,Penfold,zpenfold38@addthis.com,Male,Detusoko
118,C,Eaglestone,meaglestone39@sciencedirect.com,Male,Mislīyah
119,C,Phillcock,lphillcock3a@homestead.com,Male,Bartica
120,,Chelley,achelley3b@diigo.com,Female,Duzhenwan
121,B,Mixhel,,Female,Lukovica pri Domžalah
122,B,Yeldon,dyeldon3d@nps.gov,Male,
123,C,Wodham,dwodham3e@multiply.com,Agender,Chunshui
124,D,Bysaker,dbysaker3f@illinois.edu,Male,Nogueira
125,D,Van der Krui,dvanderkrui3g@tinyurl.com,Male,Moriya
126,A,Wornum,owornum3h@vk.com,Female,Tsumeb
127,D,Ropkins,tropkins3i@printfriendly.com,Female,Sanlidian
128,B,Lenard,glenard3j@tiny.cc,Male,Cerro Blanco
129,C,Dougherty,sdougherty3k@51.la,Male,Tiepu
130,A,Terbrug,aterbrug3l@answers.com,Female,Corinto
131,,Gutierrez,tgutierrez3m@sun.com,Female,Baomin
132,B,McCready,rmccready3n@bloglovin.com,Female,Mugala
133,D,Cleft,ecleft3o@reuters.com,Male,Verkhniye Osel’ki
134,B,Crafts,ecrafts3p@bravesites.com,Female,
135,A,Port,tport3q@webnode.com,Male,Atães
136,D,Coat,,Female,Ploemeur
137,C,Blyth,ablyth3s@yellowbook.com,Male,Al Qārah
138,B,Ley,kley3t@usgs.gov,Male,Aku
139,B,Hambrook,shambrook3u@ovh.net,Male,Apuri
140,C,Strelitzki,hstrelitzki3v@mlb.com,Male,5 de Mayo
141,C,Blabie,tblabie3w@deliciousdays.com,Male,
142,D,Mulleary,wmulleary3x@istockphoto.com,Female,José de Freitas
143,B,Georgievski,sgeorgievski3y@gmpg.org,Male,Uchaly
144,A,Ronchka,fronchka3z@cdbaby.com,Male,Oudtshoorn
145,C,Eagell,,Female,Chartres
146,A,Littlecote,glittlecote41@icq.com,Female,Koźmin Wielkopolski
147,C,Reardon,yreardon42@bbb.org,Male,Žamberk
148,A,Benettelli,ubenettelli43@imgur.com,Male,Yangxipu
149,,Ellinor,dellinor44@mtv.com,Female,Zoumi
150,A,McNabb,amcnabb45@smugmug.com,Male,Plaju
151,B,Dowell,cdowell46@hubpages.com,Male,Reshetnikovo
152,A,Terran,kterran47@ning.com,Male,Skellefteå
153,D,Colliver,tcolliver48@mapy.cz,Male,Wakduwa’ Barat
154,D,Cuthbert,tcuthbert49@auda.org.au,Agender,Mwene-Ditu
155,B,Gilstin,bgilstin4a@unesco.org,Male,Staropavlovskaya
156,A,Ashbe,mashbe4b@uiuc.edu,Female,Ja Ela
157,C,Deetlof,edeetlof4c@vistaprint.com,Female,Alderetes
158,A,Snap,msnap4d@epa.gov,Female,Shchelkovo
159,B,Wixey,awixey4e@cloudflare.com,Female,Qingyang
160,B,Cosins,dcosins4f@istockphoto.com,Male,Lianyi
161,D,Rameau,jrameau4g@china.com.cn,Bigender,Manikchari
162,A,Cobbled,gcobbled4h@51.la,Female,Velké Svatoňovice
163,D,Stollberg,cstollberg4i@dedecms.com,Female,Avellaneda
164,B,Hourihan,lhourihan4j@google.fr,Female,Vohipaho
165,D,Blanden,kblanden4k@stumbleupon.com,Female,Curridabat
166,,Batstone,cbatstone4l@chicagotribune.com,Male,Lyon
167,D,Van de Velde,avandevelde4m@instagram.com,Female,Gatbo
168,B,Shee,nshee4n@merriam-webster.com,Female,Daqiao
169,D,Jekyll,tjekyll4o@imgur.com,Female,Mogapinyana
170,C,Cowlam,hcowlam4p@amazon.com,Female,Zhongguan
171,B,Dubique,sdubique4q@miibeian.gov.cn,Male,Addis Ababa
172,D,Jupp,sjupp4r@fema.gov,Male,Razumnoye
173,,Leese,cleese4s@hubpages.com,Male,Chaínça
174,B,Saltman,hsaltman4t@godaddy.com,Male,East End
175,C,Leighton,sleighton4u@prweb.com,Female,Bang Nam Priao
176,D,Manilove,kmanilove4v@wordpress.org,Male,Cisarap
177,A,Dowdney,vdowdney4w@shinystat.com,Male,Reims
178,B,Durrett,ndurrett4x@ebay.co.uk,Male,Jundian
179,B,Nelthorpe,hnelthorpe4y@artisteer.com,Male,Ban Khlong Bang Sao Thong
180,,Bettenson,jbettenson4z@jugem.jp,Female,Sara Kunda
181,B,Bleythin,jbleythin50@smh.com.au,Female,Tafeng
182,A,Deekes,bdeekes51@github.com,Female,Ţafas
183,B,Folker,rfolker52@cbc.ca,Female,Borowno
184,C,Kears,lkears53@baidu.com,Female,Sokółka
185,A,Bruckmann,mbruckmann54@washingtonpost.com,Male,Zasip
186,D,De Haven,,Male,Kloangrotat
187,A,Sysland,dsysland56@huffingtonpost.com,Female,Pasirbatang
188,C,Ripsher,gripsher57@xrea.com,Female,Alhos Vedros
189,B,Konzel,dkonzel58@jugem.jp,Polygender,Catac
190,A,Camfield,,Female,Kopparberg
191,D,Raith,,Female,Aguazul
192,D,Totterdill,htotterdill5b@cdbaby.com,Male,Berbera
193,A,Whorlton,ewhorlton5c@xrea.com,Female,Igarapé Miri
194,C,Bartalini,vbartalini5d@sbwire.com,Male,Ruma
195,B,Cossor,dcossor5e@dot.gov,Bigender,Nerópolis
196,D,Skein,tskein5f@bloglovin.com,Non-binary,
197,A,Furby,afurby5g@ucoz.ru,Male,Concepción
198,C,Nursey,rnursey5h@cnn.com,Female,
199,C,Danks,adanks5i@hp.com,Female,Fenglai
200,A,Couche,ccouche5j@hp.com,Bigender,Newport Beach
